seed_query,entropy,diversity_norm,n_videos
beginner guitar,0.31112933956257,0.1963007575390626,143
stretching exercises,0.14219353322292672,0.08971413087579601,149
healthy cooking,-0.0,-0.0,143
